Type	Section	Division	Group	Class	Code	Class type	V4.3 Equivalent	Code(4.3)	Subterranean-Any	Subterranean-Terrestrial	Actor_Subterranean-Terrestrial	Subterranean-Freshwater	Actor_Subterranean-Freshwater	Subterranean-Marine	Actor_Subterranean-Marine	Stakeholders	References	Assessed_quantitatively	Assessed_qualitatively	Notes
Biotic	Provisioning	Biomass	Cultivated terrestrial plants for nutrition, materials or energy 	Cultivated terrestrial plants (including fungi, algae) grown for nutritional purposes	1.1.1.1	Crops by amount, type (e.g. cereals, root crops, soft fruit, etc.)	Cultivated crops	1.1.1.1	1	1	Cultivated fungi	1	GW-dependend rice fields, Spirulina production	0	NA	Farmers		0	1	https://www.showcaves.com/english/explain/Biology/Fungi.html
Biotic	Provisioning	Biomass	Cultivated terrestrial plants for nutrition, materials or energy 	Fibres and other materials from cultivated plants, fungi, algae and bacteria for direct use or processing (excluding genetic materials)	1.1.1.2	Material by amount, type, use, media (land, soil, freshwater, marine)	Fibres and other materials from plants, algae and animals for direct use or processing	1.2.1.1	0	0	NA	0	NA	0	NA	NA				-
Biotic	Provisioning	Biomass	Cultivated terrestrial plants for nutrition, materials or energy 	Cultivated plants (including fungi, algae) grown as a source of energy 	1.1.1.3	By amount, type, source	Plant-based resources	1.3.1.1	1	0	NA	0	NA	1	bacteria and archaea potentially useful in the fields of bioenergy (e.g. methane production)	Industry ; Biotechnology	Polymenakou PN, Mandalakis M, Dailianis T, Dimitriadis C, Medvecky M, Magoulas A, Gerovasileiou V (2018) Preliminary assessment of methanogenic microbial communities in marine caves of Zakynthos Island (Ionian Sea, Greece). Mediterranean Marine Science, 19: 284-289.	0	1	-
Biotic	Provisioning	Biomass	Cultivated aquatic plants for nutrition, materials or energy 	Plants cultivated by in- situ aquaculture grown for nutritional purposes 	1.1.2.1	Plants, algae by amount, type	Plants and algae from in-situ aquaculture	1.1.1.5	0	0	NA	0	NA	0	NA	NA				-
Biotic	Provisioning	Biomass	Cultivated aquatic plants for nutrition, materials or energy 	Fibres and other materials from in-situ aquaculture for direct use or processing (excluding genetic materials)	1.1.2.2	Plants, algae by amount, type	Plants and algae from in-situ aquaculture	1.1.1.5	0	0	NA	0	NA	0	NA	NA				-
Biotic	Provisioning	Biomass	Cultivated aquatic plants for nutrition, materials or energy 	Plants cultivated by in- situ aquaculture grown as an energy source	1.1.2.3	Plants, algae by amount, type	Plants and algae from in-situ aquaculture	1.1.1.5	0	0	NA	0	NA	0	NA	NA				-
Biotic	Provisioning	Biomass	Reared animals for nutrition, materials or energy  	Animals reared for nutritional purposes	1.1.3.1	Animals, products by amount, type (e.g. beef, dairy)	Reared animals and their outputs	1.1.1.2	1	1	Caves/caverns used by traditional sheperds as shelters for cattle	0	NA	0	NA	Shepherds				-
Biotic	Provisioning	Biomass	Reared animals for nutrition, materials or energy  	Fibres and other materials from reared animals for direct use or processing (excluding genetic materials)	1.1.3.2	Material by amount, type, use, media (land, soil, freshwater, marine)	Materials from plants, algae and animals for agricultural use	1.2.1.2	1	1	Cheese production	0	NA	0	NA	Shepherds	Ozturkoglu-Budak, S., Gursoy, A., Aykas, D. P., Koçak, C., Dönmez, S., De Vries, R. P., & Bron, P. A. (2016). Volatile compound profiling of Turkish Divle Cave cheese during production and ripening. Journal of Dairy Science, 99(7), 5120-5131.		1	-
Biotic	Provisioning	Biomass	Reared animals for nutrition, materials or energy  	Animals reared to provide energy (including mechanical)	1.1.3.3	By amount, type, source	Animal-based resources & Animal-based mechanical energy	1.3.1.2 & 1.3.2.1	0	0	NA	0	NA	0	NA	NA				-
Biotic	Provisioning	Biomass	Reared aquatic animals for nutrition, materials or energy  	Animals reared by in-situ aquaculture for nutritional purposes	1.1.4.1	Animals by amount, type	Animals from in-situ aquaculture 	1.1.1.6	1	0	NA	0	NA	1	Fishponds in hawaii (closed bays with fsw influenced closed by the hawaian people and used to reared fish. They are epigean but with a strong influence of groundwater)	Fishers				-
Biotic	Provisioning	Biomass	Reared aquatic animals for nutrition, materials or energy  	Fibres and other materials from animals grown by in-situ aquaculture for direct use or processing (excluding genetic materials)	1.1.4.2	Animals by amount, type	Animals from in-situ aquaculture 	1.1.1.6	1	0	NA	0	NA	1	Marine caves might be used for sponge culture, due to the limited sediment deposition and illumination	Industry ; Biotechnology	Verdenal B, Vacelet J (1985) Sponge culture on vertical ropes in the Northwestern Mediterranean Sea. In: Rützler K, editor. Washington DC: Smithsonian Institution Press, 416–424.	0	1	-
Biotic	Provisioning	Biomass	Reared aquatic animals for nutrition, materials or energy  	Animals reared by in-situ aquaculture as an energy source	1.1.4.3	Animals by amount, type	Animals from in-situ aquaculture 	1.1.1.6	0	0	NA	0	NA	0	NA	NA				-
Biotic	Provisioning	Biomass	Wild plants (terrestrial and aquatic) for nutrition, materials or energy  	Wild plants (terrestrial and aquatic, including fungi, algae) used for nutrition	1.1.5.1	Plants, algae by amount, type	Wild plants, algae and their outputs	1.1.1.3	1	1	Fungi	1	Algae and plants growing in springs	0	NA	Local gatherers				-
Biotic	Provisioning	Biomass	Wild plants (terrestrial and aquatic) for nutrition, materials or energy  	Fibres and other materials from wild plants for direct use or processing (excluding genetic materials)	1.1.5.2	Plants, algae by amount, type	Wild plants, algae and their outputs	1.1.1.3	1	0	NA	1	Groundwater-dependent papyrus wetlands	0	NA	Local gatherers				-
Biotic	Provisioning	Biomass	Wild plants (terrestrial and aquatic) for nutrition, materials or energy  	Wild plants (terrestrial and aquatic, including fungi, algae) used as a source of energy	1.1.5.3	Material by type/source	Not recognised in V4.3	N/A	0	0	NA	0	NA	0	NA	NA				-
Biotic	Provisioning	Biomass	Wild animals (terrestrial and aquatic) for nutrition, materials or energy  	Wild animals (terrestrial and aquatic) used for nutritional purposes	1.1.6.1	Animals by amount, type	Wild animals and their outputs	1.1.1.4	1	1	Cave swiftlet nest ; Bats hunting	1	Chinese giant salamander (Andrias davidianus) in Chinese traditional cusine	1	Halocaridina rubra for traditional fisheries in Hawai'i; Several fishes and crustaceans (e.g. Palinurus elephas, Scyllarides latus) that shelter in marine caves or use them occasionally as nursery habitats are of commercial interest; Spearfishing (e.g. of Sciaena umbra and Phycis phycis)	Hunters ; Fishers ; Local gatherers	Tanalgo, K. C., Sritongchuay, T., Agduma, A. R., Cruz, K. C. D., & Hughes, A. C. (2023). Are we hunting bats to extinction? Worldwide patterns of hunting risk in bats are driven by species ecology and regional economics. Biological Conservation, 279, 109944. ; Gerovasileiou V, Chintiroglou C, Vafidis D, Koutsoubas D, Sini M, Dailianis T, Issaris Y, Akritopoulou E, Dimarchopoulou D, Voultsiadou E (2015) Census of biodiversity in marine caves of the Eastern Mediterranean Sea. Mediterranean Marine Science, 16: 245-265. ; Gerovasileiou V, Bianchi CN (2021) Mediterranean marine caves: a synthesis of current knowledge. Oceanography and Marine Biology : An Annual Review, 59: 1-88.	0	1	-
Biotic	Provisioning	Biomass	Wild animals (terrestrial and aquatic) for nutrition, materials or energy  	Fibres and other materials from wild animals for direct use or processing (excluding genetic materials)	1.1.6.2	Material by type/source	Not recognised in V4.3	N/A	1	1	Guano mining	0	NA	1	Red corals from Mediterraean caves; The four Mediterranean bath sponges have been reported from numerous marine caves. ; Many sessile invertebrates in marine caves are potential sources of bioactive substances used in biotechnology.	Industry ; Biotechnology ; Local gatherers	Gerovasileiou V, Bianchi CN (2021) Mediterranean marine caves: a synthesis of current knowledge. Oceanography and Marine Biology : An Annual Review, 59: 1-88. ; Gerovasileiou V, Voultsiadou Ε (2012) Marine caves of the Mediterranean Sea: a sponge biodiversity reservoir within a biodiversity hotspot. PLoS ONE, 7(7): e39873. ; Turon, Χ., Martí, R. & Uriz, M.J. 2009. Chemical bioactivity of sponges along an environmental gradient in a Mediterranean cave. Scientia Marina 73, 387–397. ; Uriz, M.J., Martin, D., Turon, X., Ballesteros, E., Hughes, R. & Acebal, C. 1991. An approach to the ecological significance of chemically mediated bioactivity in Mediterranean benthic communities. Marine Ecology Progress Series 70, 175–188. 	0	1	-
Biotic	Provisioning	Biomass	Wild animals (terrestrial and aquatic) for nutrition, materials or energy  	Wild animals (terrestrial and aquatic) used as a source of energy	1.1.6.3	By amount, type, source	Not recognised in V4.3	N/A	0	0	NA	0	NA	0	NA	NA				-
Biotic	Provisioning	Genetic material from all biota (including seed, spore or gamete production)	Genetic material from plants, algae or fungi	Seeds, spores and other plant materials collected for maintaining or establishing a population	1.2.1.1	By species or varieties	Not recognised in V4.3	N/A	0	0	NA	0	NA	0	NA	NA				-
Biotic	Provisioning	Genetic material from all biota (including seed, spore or gamete production)	Genetic material from plants, algae or fungi	Higher and lower plants (whole organisms) used to breed new strains or varieties	1.2.1.2	By species or varieties	Genetic materials from all biota	1.2.1.3	0	0	NA	0	NA	0	NA	NA				-
Biotic	Provisioning	Genetic material from all biota (including seed, spore or gamete production)	Genetic material from plants, algae or fungi	Individual genes extracted from higher and lower plants for the design and construction of new biological entities	1.2.1.3	Material by type	Genetic materials from all biota	1.2.1.3	1	1	Fungi, bacteria, archaea	1	Fungi, bacteria, archaea	1	Fungi, bacteria, archaea	Scientists ; Industry ; Biotechnology	Sadoway, T., Rule, D., Watson, K., Moote, P., Soliman, L. C., Azad, N., ... & Horne, D. (2013). Cure from the cave: volcanic cave actinomycetes and their potential in drug discovery. International Journal of Speleology, 42(1), 35–47.	0	1	-
Biotic	Provisioning	Genetic material from all biota (including seed, spore or gamete production)	Genetic material from animals	Animal material collected for the purposes of maintaining or establishing a population	1.2.2.1	By species or varieties	Not recognised in V4.3	N/A	1	1	Ex-situ conservation of terrestrial species	1	Ex-situ conservation of Proteus	1	Ex-situ conservation of Halocaridina rubra	Conservation biologists	Aljancic, G., Aljancic, M. & Golob, Z. (2016). Salvaging the washed-out Proteus. Natura Sloveniae 18, 65–66.	0	1	-
Biotic	Provisioning	Genetic material from all biota (including seed, spore or gamete production)	Genetic material from animals	Wild animals (whole organisms) used to breed new strains or varieties	1.2.2.2	By species or varieties	Genetic materials from all biota	1.2.1.3	1	0	NA	1	Cavefish	0	NA	Scientists				-
Biotic	Provisioning	Genetic material from all biota (including seed, spore or gamete production)	Genetic material from organisms	Individual genes extracted from organisms for the design and construction of new biological entities	1.2.2.3	Material by type	Genetic materials from all biota	1.2.1.3	0	0	NA	0	NA	0	NA	NA				-
Biotic	Provisioning	Other types of provisioning service from biotic sources	Other	Other	1.3.X.X	Use nested codes to allocate other provisioning services from living systems to appropriate Groups and Classes	Not recognised in V4.3	N/A	-	-	-	-	-	-	-	-	-	-	-	-
Biotic	Provisioning	Water 	Surface water used for nutrition, materials or energy 	Surface water for drinking	4.2.1.1	By amount, type, source	Surface water for drinking	1.1.2.1	0	0	NA	0	NA	0	NA	NA	NA	NA	NA	-
Biotic	Provisioning	Water 	Surface water used for nutrition, materials or energy 	Surface water used as a material (non-drinking purposes)	4.2.1.2	By amount & source	Surface water for non-drinking purposes	1.2.2.1	0	0	NA	0	NA	0	NA	NA	NA	NA	NA	-
Biotic	Provisioning	Water 	Surface water used for nutrition, materials or energy 	Freshwater surface water used as an energy source	4.2.1.3	By amount, type, source	Not recognised in V4.3	N/A	0	0	NA	0	NA	0	NA	NA	NA	NA	NA	-
Biotic	Provisioning	Water 	Surface water used for nutrition, materials or energy 	Coastal and marine water used as energy source	4.2.1.4	By amount, type, source	Not recognised in V4.3	N/A	1	0	NA	0	NA	1	Costal aquifers / marine caves	Any (society at large)				-
Biotic	Provisioning	Water 	Ground water for used for nutrition, materials or energy 	Ground (and subsurface) water for drinking	4.2.2.1	By amount, type, source	Ground water for drinking	1.1.2.2	1	0	NA	1	aquifers	0	NA	Any (society at large)				-
Biotic	Provisioning	Water 	Ground water for used for nutrition, materials or energy 	Ground water (and subsurface) used as a material (non-drinking purposes)	4.2.2.2	By amount & source	Ground water as source of energy	1.2.2.2	1	0	NA	1	aquifers	1	Costal aquifers / marine caves	Any (society at large)				-
Biotic	Provisioning	Water 	Ground water for used for nutrition, materials or energy 	Ground water (and subsurface) used as an energy source	4.2.2.3	By amount & source	Ground water for non-drinking purposes	N/A	1	0	NA	1	aquifers	1	Costal aquifers / marine caves	Any (society at large)				-
Biotic	Provisioning	Water 	Other aqueous ecosystem outputs	Other	4.2.X.X	Use nested codes to allocate other provisioning services from non-living systems to appropriate Groups and Classes	Not recognised in V4.3	N/A	-	-	-	-	-	-	-	-	-	-	-	-
Biotic	Regulation & Maintenance	Transformation of biochemical or physical inputs to ecosystems	Mediation of wastes or toxic substances of anthropogenic origin by living processes	Bio-remediation by micro-organisms, algae, plants, and animals	2.1.1.1	By type of living system or by waste or subsistence type	Bio-remediation by micro-organisms, algae, plants, and animals	2.1.1.1	1	1	bacteria	1	bacteria	1	Bacteria and archaea potentially useful in the field of bioremediation 	Any (society at large)	Griebler, C., & Avramov, M. (2015). Groundwater ecosystem services: a review. Freshwater Science, 34(1), 355-367. ; Polymenakou PN, Mandalakis M, Dailianis T, Dimitriadis C, Medvecky M, Magoulas A, Gerovasileiou V (2018) Preliminary assessment of methanogenic microbial communities in marine caves of Zakynthos Island (Ionian Sea, Greece). Mediterranean Marine Science, 19: 284-289.	0	1	-
Biotic	Regulation & Maintenance	Transformation of biochemical or physical inputs to ecosystems	Mediation of wastes or toxic substances of anthropogenic origin by living processes	Filtration/sequestration/storage/accumulation by micro-organisms, algae, plants, and animals	2.1.1.2	By type of living system, or by water or substance type	"Filtration/sequestration/storage/accumulation by micro-organisms, algae, plants, and animals
And
Filtration/sequestration/storage/accumulation by ecosystems"	2.1.1.2 & 2.1.2.1	1	1	bacteria	1	bacteria	1	Bacteria ; Marine cave assemblages are dominated by active suspension feeders (e.g. sponges) that transfer pelagic phytoplanktonic primary production to secondary production, and together with other rocky shore habitats contributes for the nutrient cycling and water quality regulation in coastal environments. 	Any (society at large)	Griebler, C., & Avramov, M. (2015). Groundwater ecosystem services: a review. Freshwater Science, 34(1), 355-367. ; Salomidi, M., Katsanevakis, S., Borja, A., Braeckman, U., Damalas, D., Galparsoro, I., Mifsud, R., Mirto, S., Pascual, M., Pipitone, C., Rabaut, M., Todorova, V., Vassilopoulou, V. & Vega Fernandez, T. 2012. Assessment of goods and services, vulnerability, and conservation status of European seabed biotopes: A stepping stone towards ecosystem-based marine spatial management. Mediterranean Marine Science 13, 49–88.	0	1	-
Biotic	Regulation & Maintenance	Transformation of biochemical or physical inputs to ecosystems	Mediation of nuisances of anthropogenic origin	Smell reduction	2.1.2.1	By type of living system	Mediation of smell/noise/visual impacts	2.1.2.3	0	0	NA	0	NA	0	NA	NA				-
Biotic	Regulation & Maintenance	Transformation of biochemical or physical inputs to ecosystems	Mediation of nuisances of anthropogenic origin	Noise attenuation	2.1.2.2	By type of living system	Mediation of smell/noise/visual impacts	2.1.2.3	0	0	NA	0	NA	0	NA	NA				-
Biotic	Regulation & Maintenance	Transformation of biochemical or physical inputs to ecosystems	Mediation of nuisances of anthropogenic origin	Visual screening                  	2.1.2.3	By type of living system	Mediation of smell/noise/visual impacts	2.1.2.3	0	0	NA	0	NA	0	NA	NA				-
Biotic	Regulation & Maintenance	Regulation of physical, chemical, biological conditions	Regulation of baseline flows and extreme events	Control of erosion rates	2.2.1.1	By reduction in risk, area protected	Stabilisation and control of erosion rates	2.2.1.1	1	1	Plant roots in caves	1	Groundwater-fed vegetation	1	Groundwater-fed vegetation	Any (society at large)	Glanville, K., Sheldon, F., Butler, D., & Capon, S. (2023). Effects and significance of groundwater for vegetation: A systematic review. Science of the Total Environment, 875, 162577. ; Feng, L., Peng, L., Cui, Q., Yang, H. J., Ma, J. Z., & Liu, J. T. (2022). Rising Shallow Groundwater Level May Facilitate Seed Persistence in the Supratidal Wetlands of the Yellow River Delta. Frontiers in Plant Science, 13, 946129.	0	1	-
Biotic	Regulation & Maintenance	Regulation of physical, chemical, biological conditions	Regulation of baseline flows and extreme events	Buffering and attenuation of mass movement	2.2.1.2	By reduction in risk, area protected	Buffering and attenuation of mass flows	2.2.1.2	1	0	NA	1	Groundwater-fed vegetation	1	Groundwater-fed vegetation	Any (society at large)	Glanville, K., Sheldon, F., Butler, D., & Capon, S. (2023). Effects and significance of groundwater for vegetation: A systematic review. Science of the Total Environment, 875, 162577. ; Feng, L., Peng, L., Cui, Q., Yang, H. J., Ma, J. Z., & Liu, J. T. (2022). Rising Shallow Groundwater Level May Facilitate Seed Persistence in the Supratidal Wetlands of the Yellow River Delta. Frontiers in Plant Science, 13, 946129.	0	1	-
Biotic	Regulation & Maintenance	Regulation of physical, chemical, biological conditions	Regulation of baseline flows and extreme events	Hydrological cycle and water flow regulation (Including flood control, and coastal protection)	2.2.1.3	By depth/volumes	"Hydrological cycle and water flow maintenance
And
Flood protection"	2.2.2.1 & 2.2.2.2	1	0	NA	1	Groundwater-fed vegetation	1	Groundwater-fed vegetation	Any (society at large)	Glanville, K., Sheldon, F., Butler, D., & Capon, S. (2023). Effects and significance of groundwater for vegetation: A systematic review. Science of the Total Environment, 875, 162577. ; Feng, L., Peng, L., Cui, Q., Yang, H. J., Ma, J. Z., & Liu, J. T. (2022). Rising Shallow Groundwater Level May Facilitate Seed Persistence in the Supratidal Wetlands of the Yellow River Delta. Frontiers in Plant Science, 13, 946129.	0	1	-
Biotic	Regulation & Maintenance	Regulation of physical, chemical, biological conditions	Regulation of baseline flows and extreme events	Wind protection	2.2.1.4	By reduction in risk, area protected	Storm protection	2.2.3.1	1	0	NA	1	Groundwater-fed vegetation	1	Groundwater-fed vegetation	Any (society at large)	Glanville, K., Sheldon, F., Butler, D., & Capon, S. (2023). Effects and significance of groundwater for vegetation: A systematic review. Science of the Total Environment, 875, 162577. ; Feng, L., Peng, L., Cui, Q., Yang, H. J., Ma, J. Z., & Liu, J. T. (2022). Rising Shallow Groundwater Level May Facilitate Seed Persistence in the Supratidal Wetlands of the Yellow River Delta. Frontiers in Plant Science, 13, 946129.	0	1	-
Biotic	Regulation & Maintenance	Regulation of physical, chemical, biological conditions	Regulation of baseline flows and extreme events	Fire protection	2.2.1.5	By reduction in risk, area protected	Not recognised in V4.3	N/A	0	0	NA	0	NA	0	NA	NA				-
Biotic	Regulation & Maintenance	Regulation of physical, chemical, biological conditions	Lifecycle maintenance, habitat and gene pool protection	Pollination (or 'gamete' dispersal in a marine context)	2.2.2.1	By amount and pollinator	Pollination and seed dispersal	2.3.1.1	1	1	Subterranean-roosting bats	0	Seed persistence and dispersal through shallow groundwaters	1	Stepping stones for the dispersal of cryptobiotic/crevicular and deep-water species	Industry ; Farmers ; Conservation biologists ; Scientists 	Trejo-Salazar RE, Eguiarte LE, Suro-Piñera D, Medellin RA. 2016. Save our bats, save our tequila: Industry and science join forces to help bats and agaves. Natural Areas Journal 36: 523–531. ; Gerovasileiou V, Bianchi CN (2021) Mediterranean marine caves: a synthesis of current knowledge. Oceanography and Marine Biology : An Annual Review, 59: 1-88.	1	1	-
Biotic	Regulation & Maintenance	Regulation of physical, chemical, biological conditions	Lifecycle maintenance, habitat and gene pool protection	Seed dispersal	2.2.2.2	By amount and dispersal agent	Pollination and seed dispersal	2.3.1.1	1	1	Subterranean-roosting bats	1	Seed persistence and dispersal through shallow groundwaters	1	Stepping stones for the dispersal of cryptobiotic/crevicular and deep-water species	Industry ; Farmers ; Conservation biologists ; Scientists 	Gerovasileiou V, Bianchi CN (2021) Mediterranean marine caves: a synthesis of current knowledge. Oceanography and Marine Biology : An Annual Review, 59: 1-88.	0	1	-
Biotic	Regulation & Maintenance	Regulation of physical, chemical, biological conditions	Lifecycle maintenance, habitat and gene pool protection	Maintaining nursery populations and habitats (Including gene pool protection)	2.2.2.3	By amount and source	Maintaining nursery populations and habitats	2.3.1.2	1	1	Species conducting part of the life cycle (so-called troglophiles) or seeking shelter in terrestrial subterranean ecosystems	1	Species conducting part of the life cycle (so-called stygophiles) or seeking shelter in aquatic subterranean ecosystems	1	Species conducting part of the life cycle (so-called stygophiles) or seeking shelter in aquatic subterranean ecosystems ; Marine caves are acknowledged as “biodiversity reservoirs” and “refuge habitats” of great conservation value, as they harbour a rich biodiversity (32–71% of the Mediterranean Porifera, Anthozoa, Bryozoa, Tardigrada and Brachiopoda species)	Any (society at large) ; Conservation biologists ; Scientists 	Glanville, K., Sheldon, F., Butler, D., & Capon, S. (2023). Effects and significance of groundwater for vegetation: A systematic review. Science of the Total Environment, 875, 162577. ; Feng, L., Peng, L., Cui, Q., Yang, H. J., Ma, J. Z., & Liu, J. T. (2022). Rising Shallow Groundwater Level May Facilitate Seed Persistence in the Supratidal Wetlands of the Yellow River Delta. Frontiers in Plant Science, 13, 946129. ; Gerovasileiou V, Bianchi CN (2021) Mediterranean marine caves: a synthesis of current knowledge. Oceanography and Marine Biology : An Annual Review, 59: 1-88.	1	1	-
Biotic	Regulation & Maintenance	Regulation of physical, chemical, biological conditions	Pest and disease control	Pest control (including invasive species) 	2.2.3.1	By reduction in incidence, risk, area protected by type of living system	Pest control	2.3.2.1	1	1	Subterranean-roosting bats	0	NA	0	NA	Farmers	Boyles, J. G., Cryan, P. M., McCracken, G. F., & Kunz, T. H. (2011). Economic importance of bats in agriculture. Science, 332(6025), 41-42.	1	1	-
Biotic	Regulation & Maintenance	Regulation of physical, chemical, biological conditions	Pest and disease control	Disease control                    	2.2.3.2	By reduction in incidence, risk, area protected by type of living system	Disease control	2.3.2.2	1	1	Subterranean-roosting bats	0	NA	0	NA	Any (society at large)				-
Biotic	Regulation & Maintenance	Regulation of physical, chemical, biological conditions	Regulation of soil quality	Weathering processes and their effect on soil quality	2.2.4.1	By amount/concentration and source	Weathering processes	2.3.3.1	1	1	Animals and fungi in MSS systems	1	bioturbation by groundwater animals	1	Bioturbation by anchialine/marine animals ; bioerosion by boring animals (e.g. sponges and bivalves)	Any (society at large)	Gerovasileiou V, Bianchi CN (2021) Mediterranean marine caves: a synthesis of current knowledge. Oceanography and Marine Biology : An Annual Review, 59: 1-88.	0	1	-
Biotic	Regulation & Maintenance	Regulation of physical, chemical, biological conditions	Regulation of soil quality	Decomposition and fixing processes and their effect on soil quality          	2.2.4.2	By amount/concentration and source	Decomposition and fixing processes	2.3.3.2	1	1	Animals and fungi in MSS systems	1	bioturbation by groundwater animals	1	Bioturbation by anchialine/marine ; bacteria, fungi and protozoa in marine caves	Any (society at large)	Gerovasileiou V, Bianchi CN (2021) Mediterranean marine caves: a synthesis of current knowledge. Oceanography and Marine Biology : An Annual Review, 59: 1-88.	0	1	-
Biotic	Regulation & Maintenance	Regulation of physical, chemical, biological conditions	"Water conditions
"	Regulation of the chemical condition of freshwaters by living processes	2.2.5.1	By type of living system	Chemical condition of freshwaters	2.3.4.1	1	0	NA	1	bacteria in aquifers	0	NA	Any (society at large)				-
Biotic	Regulation & Maintenance	Regulation of physical, chemical, biological conditions	"Water conditions
"	Regulation of the chemical condition of salt waters by living processes	2.2.5.2	By type of living system	Chemical condition of salt waters	2.3.4.2	1	0	NA	0	NA	1	Bacteria	Any (society at large)				-
Biotic	Regulation & Maintenance	Regulation of physical, chemical, biological conditions	Atmospheric composition and conditions	Regulation of chemical composition of atmosphere and oceans	2.2.6.1	By contribution of type of living system to amount, concentration or climatic parameter	Global climate regulation by reduction of greenhouse gas concentrations	2.3.5.1	1	1	Methanogenic bacteria	1	Carbon sequestration	1	Carbon sequestration	Any (society at large)	Webster, K. D., Drobniak, A., Etiope, G., Mastalerz, M., Sauer, P. E., & Schimmelmann, A. (2018). Subterranean karst environments as a global sink for atmospheric methane. Earth and Planetary Science Letters, 485, 9-18. ; Ojeda, L., Vadillo, I., Etiope, G., Benavente, J., Liñán, C., del Rosal, Y., ... & Carrasco, F. (2019). Methane sources and sinks in karst systems: the Nerja cave and its vadose environment (Spain). Geochimica et Cosmochimica Acta, 259, 302-315. ; Fernandez-Cortes, A., Cuezva, S., Alvarez-Gallego, M., Garcia-Anton, E., Pla, C., Benavente, D., ... & Sanchez-Moral, S. (2015). Subterranean atmospheres may act as daily methane sinks. Nature communications, 6(1), 7003. ; Waring, C. L., Hankin, S. I., Griffith, D. W., Kertesz, M. A., Kobylski, V., Wilson, N. L., ... & Bell, G. (2017). Seasonal total methane depletion in limestone caves. Scientific reports, 7(1), 8314.	1	1	-
Biotic	Regulation & Maintenance	Regulation of physical, chemical, biological conditions	Atmospheric composition and conditions	Regulation of temperature and humidity, including ventilation and transpiration	2.2.6.2	By contribution of type of living system to amount, concentration or climatic parameter	Micro and regional climate regulation & Ventilation and transpiration	2.3.5.2 & 2.2.3.2	1	1	Methanogenic bacteria	0	NA	0	NA	Any (society at large)	Webster, K. D., Drobniak, A., Etiope, G., Mastalerz, M., Sauer, P. E., & Schimmelmann, A. (2018). Subterranean karst environments as a global sink for atmospheric methane. Earth and Planetary Science Letters, 485, 9-18. ; Ojeda, L., Vadillo, I., Etiope, G., Benavente, J., Liñán, C., del Rosal, Y., ... & Carrasco, F. (2019). Methane sources and sinks in karst systems: the Nerja cave and its vadose environment (Spain). Geochimica et Cosmochimica Acta, 259, 302-315. ; Fernandez-Cortes, A., Cuezva, S., Alvarez-Gallego, M., Garcia-Anton, E., Pla, C., Benavente, D., ... & Sanchez-Moral, S. (2015). Subterranean atmospheres may act as daily methane sinks. Nature communications, 6(1), 7003. ; Waring, C. L., Hankin, S. I., Griffith, D. W., Kertesz, M. A., Kobylski, V., Wilson, N. L., ... & Bell, G. (2017). Seasonal total methane depletion in limestone caves. Scientific reports, 7(1), 8314.			-
Biotic	Regulation & Maintenance	Other types of regulation and maintenance service by living processes	Other	Other	2.3.X.X	Use nested codes to allocate other regulating and maintenance services from living systems to appropriate Groups and Classes	Not recognised in V4.3	N/A	-	-	-	-	-	-	-	-	-	-	-	-
Biotic	Cultural	Direct, in-situ and outdoor interactions with living systems that depend on presence in the environmental setting	Physical and experiential interactions with natural environment	Characteristics of living systems that enable activities promoting health, recuperation or enjoyment through active or immersive interactions 	3.1.1.1	By type of living system or environmental setting	Experiential use of plants, animals and land-/seascapes in different environmental settings	3.1.1.1	1	1	Living labs in caves	1	Living labs in Groundwater Dependent Ecosystems	1	"Living labs in marine caves ; marine caves have been characterized ""natural laboratories"" or ""deep-sea mesocosms"" in the littoral zone because they provide direct human access to bathyal-like conditions within reach of scuba divers"	Any (society at large)	Harmelin, J.-G. & Vacelet, J. 1997. Clues to deep-sea biodiversity in a nearshore cave. Vie et Milieu 47, 351–354.	0	1	-
Biotic	Cultural	Direct, in-situ and outdoor interactions with living systems that depend on presence in the environmental setting	Physical and experiential interactions with natural environment	Characteristics of living systems that enable activities promoting health, recuperation or enjoyment through passive or observational interactions	3.1.1.2	By type of living system or environmental setting	Physical use of land-/seascapes in different environmental settings	3.1.1.2	1	1	Ecotourism in show caves	1	Ecotourism in show caves	1	Boat tours, snorkelling and scuba diving in marine/anchialine caves	Any (society at large)				-
Biotic	Cultural	Direct, in-situ and outdoor interactions with living systems that depend on presence in the environmental setting	Intellectual and representative interactions with natural environment	Characteristics of living systems that enable scientific investigation or the creation of traditional ecological knowledge	3.1.2.1	By type of living system or environmental setting	Scientific	3.1.2.1	1	1	Model organisms (e.g., Meta, Hydromantes)	1	Model organisms (e.g., Astyanax, Asellus, Niphargus) and non model organisms Copepoda	1	Model organisms (e.g., Atyidae; Munidopsis polymorpha; Remipedia; carnivorous sponges)	Scientists; Municipal water providers;  Farmers	Mammola, S., Lunghi, E., Bilandžija, H., Cardoso, P., Grimm, V., Schmidt, S. I., ... & Martínez, A. (2021). Collecting eco‐evolutionary data in the dark: Impediments to subterranean research and how to overcome them. Ecology and evolution, 11(11), 5911-5926 (see Figure 3); Couton, M., Studer, A., Hürlemann, S. et al. Integrating citizen science and environmental DNA metabarcoding to study biodiversity of groundwater amphipods in Switzerland. Sci Rep 13, 18097 (2023). https://doi.org/10.1038/s41598-023-44908-8; Korbel KL, Hose GC. Monitoring Groundwater Health Using Citizen Scientists in Semi-Arid Regional Australia. Ground Water. 2024 Apr 4. doi: 10.1111/gwat.13407. Epub ahead of print. PMID: 38572675. 	1	1	Model organisms
Biotic	Cultural	Direct, in-situ and outdoor interactions with living systems that depend on presence in the environmental setting	Intellectual and representative interactions with natural environment	Characteristics of living systems that enable education and training	3.1.2.2	By type of living system or environmental setting	Educational	3.1.2.2	1	1	Ecotourism in show caves	1	Ecotourism in show caves (e.g. Proteus in Postonja cave)	1	Ecotourism in anchialine systems (e.g., Jameos del Agua touristic center)	Any (society at large)				-
Biotic	Cultural	Direct, in-situ and outdoor interactions with living systems that depend on presence in the environmental setting	Intellectual and representative interactions with natural environment	Characteristics of living systems that are resonant in terms of culture or heritage	3.1.2.3	By type of living system or environmental setting	Heritage, cultural	3.1.2.3	1	1	Cave fauna in local folklore	1	e.g., Proteus in Slovenian culture (https://untappd.com/b/humanfish-brewery-human-fish-pale-ale/236777)	1	Cenotes fauna in traditional Mexican culture; anchialine pools fauna in Hawai'i and Indonesia; Among the most emblematic and charismatic species inhabiting marine caves are the Mediterranean monk seal Monachus monachus and the red coral Corallium rubrum ; Marine caves of paleontological, archeological and paleo-climatological interest (e.g. Grotte Cosquer in the Marseille region, the Elephant’s Cave in Crete. biostalactites in the ‘lu Lampiùne’ cave in Italy)	Any (society at large)	Gerovasileiou V, Bianchi CN (2021) Mediterranean marine caves: a synthesis of current knowledge. Oceanography and Marine Biology : An Annual Review, 59: 1-88.	0		-
Biotic	Cultural	Direct, in-situ and outdoor interactions with living systems that depend on presence in the environmental setting	Intellectual and representative interactions with natural environment	Characteristics of living systems that enable aesthetic experiences	3.1.2.4	By type of living system or environmental setting	Aesthetic	3.1.2.5	1	1	Ecotourism in show caves	1	Ecotourism in show caves	1	Boat tours, snorkelling and scuba diving in marine/anchialine caves	Any (society at large)	Danielopol, D. L. (1998). Conservation and protection of the biota of karst: assimilation of scientific ideas through artistic perception. Journal of Cave and Karst Studies 60, 67. ; Salomidi, M., Katsanevakis, S., Borja, A., Braeckman, U., Damalas, D., Galparsoro, I., Mifsud, R., Mirto, S., Pascual, M., Pipitone, C., Rabaut, M., Todorova, V., Vassilopoulou, V. & Vega Fernandez, T. 2012. Assessment of goods and services, vulnerability, and conservation status of European seabed biotopes: A stepping stone towards ecosystem-based marine spatial management. Mediterranean Marine Science 13, 49–88.	0		-
Biotic	Cultural	Indirect, remote, often indoor interactions with living systems that do not require presence in the environmental setting	Spiritual, symbolic and other interactions with natural environment	Elements of living systems that have symbolic meaning	3.2.1.1	By type of living system or environmental setting	Symbolic	3.2.1.1	1	1	Bats	1	e.g., Proteus	1	Red shrimp in anchialine pools (Halocaridina rubra, Parhyppolyte)	Any (society at large)				-
Biotic	Cultural	Indirect, remote, often indoor interactions with living systems that do not require presence in the environmental setting	Spiritual, symbolic and other interactions with natural environment	Elements of living systems that have sacred or religious meaning	3.2.1.2	By type of living system or environmental setting	Sacred and/or religious	3.2.1.2	1	1	NA	1	NA	1	Red shrimp in anchialine pools (Halocaridina rubra, Parhyppolyte)	Any (society at large)				-
Biotic	Cultural	Indirect, remote, often indoor interactions with living systems that do not require presence in the environmental setting	Spiritual, symbolic and other interactions with natural environment	Elements of living systems used for entertainment or representation	3.2.1.3	By type of living system or environmental setting	Entertainment	3.1.2.4	1	1	Documentaries	1	Documentaries	1	Documentaries	Any (society at large)				-
Biotic	Cultural	Indirect, remote, often indoor interactions with living systems that do not require presence in the environmental setting	Other biotic characteristics that have a non-use value	Characteristics or features of living systems that have an existence value	3.2.2.1	By type of living system or environmental setting	Existence	3.2.2.1	1	1	Cave ecosystems	1	Springs	1	Marine cave ecosystems, costal aquifers	Any (society at large)		0	0	https://en.wikipedia.org/wiki/Existence_value#:~:text=Existence%20values%20are%20a%20class,other%20organism%20or%20thing%20exists.
Biotic	Cultural	Indirect, remote, often indoor interactions with living systems that do not require presence in the environmental setting	Other biotic characteristics that have a non-use value	Characteristics or features of living systems that have an option or bequest value	3.2.2.2	By type of living system or environmental setting	Bequest	3.2.2.2	1	1	Cave ecosystems	1	Springs	1	Marine cave ecosystems, costal aquifers	Any (society at large)		0	0	http://www.coastalwiki.org/wiki/Non-use_value:_bequest_value_and_existence_value#:~:text=Bequest%20value%3A%20The%20current%20generation,access%20to%20resources%20and%20opportunities.
Biotic	Cultural	Other characteristics of living systems that have cultural significance	Other	Other	3.3.X.X	Use nested codes to allocate other cultural services from living systems to appropriate Groups and Classes	Not recognised in V4.3	N/A	-	-	-	-	-	-	-	-	-	-	-	-
Abiotic	Provisioning	Water 	Surface water used for nutrition, materials or energy 	Surface water for drinking	4.2.1.1	By amount, type, source	Surface water for drinking	1.1.2.1	1	0	NA	1	Surface water sources fed by ground water (e.g. oasis, sping)	1	Anchialine pools in Hawai'i ; submarine springs traditionally used by sailors in the Mediterranean	Any (society at large)	NA	NA	NA	-
Abiotic	Provisioning	Water 	Surface water used for nutrition, materials or energy 	Surface water used as a material (non-drinking purposes)	4.2.1.2	By amount & source	Surface water for non-drinking purposes	1.2.2.1	1	0	NA	1	Surface water sources fed by ground water (e.g. oasis, sping)	0	NA	Any (society at large)	NA	NA	NA	-
Abiotic	Provisioning	Water 	Surface water used for nutrition, materials or energy 	Freshwater surface water used as an energy source	4.2.1.3	By amount, type, source	Not recognised in V4.3	N/A	1	0	NA	1	Surface water sources fed by ground water (e.g. oasis, sping)	0	NA	Any (society at large)				-
Abiotic	Provisioning	Water 	Surface water used for nutrition, materials or energy 	Coastal and marine water used as energy source	4.2.1.4	By amount, type, source	Not recognised in V4.3	N/A	1	0	NA	1	Surface water sources fed by ground water (e.g. oasis, sping)	1	Wave energy production by maritime natural caves	Any (society at large)	Monteiro, W. M. L., Sarmento, A., Monteiro, C. P., & Monteiro, J. A. L. (2021). Wave energy production by a maritime Natural Cave: performance characterization and the power take-off design. Journal of Ocean Engineering and Marine Energy, 7(3), 327-337	1	1	-
Abiotic	Provisioning	Water 	Ground water for used for nutrition, materials or energy 	Ground (and subsurface) water for drinking	4.2.2.1	By amount, type, source	Ground water for drinking	1.1.2.2	1	0	NA	1	Aquifers	1	Submarine springs in ancient times in the Adriatic	Any (society at large)	Morris, B.L., Lawrence, A.R.L., Chilton, P.J.C., Adams, B., Calow, R.C., and Klinck, B.A. 2003. Groundwater and its Susceptibility to Degradation: A Global Assessment of the Problem of Options for Management. Early Warning and Assessment Report series, RS. 03-3. United Nations Environment Programme, Nairobi, Kenya	1	1	-
Abiotic	Provisioning	Water 	Ground water for used for nutrition, materials or energy 	Ground water (and subsurface) used as a material (non-drinking purposes)	4.2.2.2	By amount & source	Ground water as source of energy	1.2.2.2	1	0	NA	1	Aquifers	1	Wave energy production by maritime natural caves	Any (society at large)	Morris, B.L., Lawrence, A.R.L., Chilton, P.J.C., Adams, B., Calow, R.C., and Klinck, B.A. 2003. Groundwater and its Susceptibility to Degradation: A Global Assessment of the Problem of Options for Management. Early Warning and Assessment Report series, RS. 03-3. United Nations Environment Programme, Nairobi, Kenya	1	1	-
Abiotic	Provisioning	Water 	Ground water for used for nutrition, materials or energy 	Ground water (and subsurface) used as an energy source	4.2.2.3	By amount & source	Ground water for non-drinking purposes	N/A	1	0	NA	1	Aquifers	1	Wave energy production by maritime natural caves	Any (society at large)	Morris, B.L., Lawrence, A.R.L., Chilton, P.J.C., Adams, B., Calow, R.C., and Klinck, B.A. 2003. Groundwater and its Susceptibility to Degradation: A Global Assessment of the Problem of Options for Management. Early Warning and Assessment Report series, RS. 03-3. United Nations Environment Programme, Nairobi, Kenya ; Monteiro, W. M. L., Sarmento, A., Monteiro, C. P., & Monteiro, J. A. L. (2021). Wave energy production by a maritime Natural Cave: performance characterization and the power take-off design. Journal of Ocean Engineering and Marine Energy, 7(3), 327-337	1	1	-
Abiotic	Provisioning	Water 	Other aqueous ecosystem outputs	Other	4.2.X.X	Use nested codes to allocate other provisioning services from non-living systems to appropriate Groups and Classes	Not recognised in V4.3	N/A	-	-	-	-	-	-	-	-	-	-	-	-
Abiotic	Provisioning	Non-aqueous natural abiotic ecosystem outputs	Mineral substances used for nutrition, materials or energy 	Mineral substances used for nutritional purposes	4.3.1.1	Amount by type 	Minerals	N/A	1	1	Different types of minerals (e.g., salt) extracted from caves, quarries and mineshafts	0	NA	1	Salt	Mining companies				-
Abiotic	Provisioning	Non-aqueous natural abiotic ecosystem outputs	Mineral substances used for nutrition, materials or energy 	Mineral substances used for material purposes	4.3.1.2	Amount by type 	Solid	N/A	1	1	Different types of minerals extracted from quarries and mineshafts	0	NA	0	NA	Mining companies				-
Abiotic	Provisioning	Non-aqueous natural abiotic ecosystem outputs	Mineral substances used for nutrition, materials or energy 	Mineral substances used for as an energy source 	4.3.1.3	Amount by type 	N/A	N/A	1	1	Different types of minerals extracted from quarries and mineshafts	0	NA	0	NA	Mining companies				-
Abiotic	Provisioning	Non-aqueous natural abiotic ecosystem outputs	Non-mineral substances or ecosystem properties used for nutrition, materials or energy 	Non-mineral substances or ecosystem properties used for nutritional purposes	4.3.2.1	Amount by type 	Non-mineral	N/A	0	0	NA	0	NA	0	NA	NA				-
Abiotic	Provisioning	Non-aqueous natural abiotic ecosystem outputs	Non-mineral substances or ecosystem properties used for nutrition, materials or energy 	Non-mineral substances used for materials 	4.3.2.2	Amount by type 	Gas	N/A	1	1	Different types of non-mineral extracted from quarries and mineshafts (e.g. coal)	0	NA	0	NA	Mining companies				-
Abiotic	Provisioning	Non-aqueous natural abiotic ecosystem outputs	Non-mineral substances or ecosystem properties used for nutrition, materials or energy 	Wind energy	4.3.2.3	Amount by type 	Wind	N/A	0	0	NA	0	NA	0	NA	NA				-
Abiotic	Provisioning	Non-aqueous natural abiotic ecosystem outputs	Non-mineral substances or ecosystem properties used for nutrition, materials or energy 	Solar energy	4.3.2.4	Amount by type 	Solar	N/A	0	0	NA	0	NA	0	NA	NA				-
Abiotic	Provisioning	Non-aqueous natural abiotic ecosystem outputs	Non-mineral substances or ecosystem properties used for nutrition, materials or energy 	Geothermal	4.3.2.5	Amount by type 	Geo-thermal	N/A	1	1	Geothermal energy	1	Geothermal energy	1	Geothermal energy	Any (society at large)				-
Abiotic	Provisioning	Non-aqueous natural abiotic ecosystem outputs	Other mineral or non-mineral substances or ecosystem properties used for nutrition, materials or energy 	Other	4.3.X.X	Use nested codes to allocate other provisioning services from non-living systems to appropriate Groups and Classes	Not recognised in V4.3	N/A	-	-	-	-	-	-	-	-	-	-	-	-
Abiotic	Regulation & Maintenance	Transformation of biochemical or physical inputs to ecosystems	Mediation of waste, toxics and other nuisances by non-living processes	Dilution by freshwater and marine ecosystems   	5.1.1.1	Amount by type 	Dilution by atmosphere, freshwater and marine ecosystems	2.1.2.2	1	0	NA	1	Groundwater systems	1	Groundwater systems	Any (society at large)	Griebler, C., & Avramov, M. (2015). Groundwater ecosystem services: a review. Freshwater Science, 34(1), 355-367.			-
Abiotic	Regulation & Maintenance	Transformation of biochemical or physical inputs to ecosystems	Mediation of waste, toxics and other nuisances by non-living processes	Dilution by atmosphere	5.1.1.2	Amount by type 	Dilution by atmosphere, freshwater and marine ecosystems	2.1.2.2	1	1	NA	0	NA	0	NA	Any (society at large)				-
Abiotic	Regulation & Maintenance	Transformation of biochemical or physical inputs to ecosystems	Mediation of waste, toxics and other nuisances by non-living processes	Mediation by other chemical or physical means (e.g. via Filtration, sequestration, storage or accumulation)	5.1.1.3	Amount by type 	Mediation of waste, toxics and other nuisances, by natural chemical and physical processes	N/A	1	1	Terrestrial systems	1	Groundwater systems	1	Groundwater systems	Any (society at large)	Griebler, C., & Avramov, M. (2015). Groundwater ecosystem services: a review. Freshwater Science, 34(1), 355-367.			-
Abiotic	Regulation & Maintenance	Transformation of biochemical or physical inputs to ecosystems	Mediation of nuisances of anthropogenic origin	Mediation of nuisances by abiotic structures or processes	5.1.2.1	Amount by type 	Not recognised in V4.3	N/A	0	0	NA	0	NA	0	NA	NA				-
Abiotic	Regulation & Maintenance	Regulation of physical, chemical, biological conditions	Regulation of baseline flows and extreme events	Mass flows	5.2.1.1	Amount by type 	Mediation of flows by natural abiotic structures	N/A	1	0	NA	1	Groundwater systems	1	Groundwater systems	Any (society at large)				-
Abiotic	Regulation & Maintenance	Regulation of physical, chemical, biological conditions	Regulation of baseline flows and extreme events	Liquid flows	5.2.1.2	Amount by type 	Not recognised in V4.3	N/A	1	1	NA	1	Groundwater systems	1	Groundwater systems	Any (society at large)	Griebler, C., & Avramov, M. (2015). Groundwater ecosystem services: a review. Freshwater Science, 34(1), 355-367.			-
Abiotic	Regulation & Maintenance	Regulation of physical, chemical, biological conditions	Regulation of baseline flows and extreme events	Gaseous flows	5.2.1.3	Amount by type 	Not recognised in V4.3	N/A	1	1	NA	1	Groundwater systems	1	Groundwater systems	Any (society at large)	Griebler, C., & Avramov, M. (2015). Groundwater ecosystem services: a review. Freshwater Science, 34(1), 355-367.			-
Abiotic	Regulation & Maintenance	Regulation of physical, chemical, biological conditions	Maintenance of physical, chemical, abiotic conditions	Maintenance and regulation by inorganic natural chemical and physical processes	5.2.2.1	Amount by type 	Maintenance of physical, chemical, abiotic conditions	N/A	1	1	NA	1	Groundwater systems	1	Groundwater systems	Any (society at large)	Griebler, C., & Avramov, M. (2015). Groundwater ecosystem services: a review. Freshwater Science, 34(1), 355-367.			-
Abiotic	Regulation & Maintenance	Other type of regulation and maintenance service by abiotic processes	Other	Other	5.3.X.X	Use nested codes to allocate other provisioning services from non-living systems to appropriate Groups and Classes	Not recognised in V4.3	N/A	-	-	-	-	-	-	-	-	-	-	-	-
Abiotic	Cultural	Direct, in-situ and outdoor interactions with natural physical systems that depend on presence in the environmental setting	Physical and experiential interactions with natural abiotic components of the environment	Natural, abiotic characteristics of nature that enable active or passive physical and experiential interactions	6.1.1.1	Amount by type	Not recognised in V4.3	N/A	1	1	Recreational use of caves ; Medical caves ; Show caves tourism	1	Recreational use of caves ; Cave diving ; Thermal springs ; Show caves tourism	1	Cave diving ; Boat tours, snorkelling and scuba diving in marine/anchialine caves	Cavers ; Public	Wilson, J. M. (2019). Recreational caving. In Encyclopedia of Caves (pp. 861-870). Academic Press.			-
Abiotic	Cultural	Direct, in-situ and outdoor interactions with natural physical systems that depend on presence in the environmental setting	Intellectual and representative interactions with abiotic components of the natural environment	Natural, abiotic characteristics of nature that enable intellectual interactions	6.1.2.1	Amount by type	Not recognised in V4.3	N/A	1	1	Subterranean sites used for religious purposes	1	Subterranean sites used for religious purposes	1	Subterranean sites used for religious purposes	Any (society at large)	Sponsel, L. E. (2015). Sacred caves of the world: illuminating the darkness. The changing world religion map: sacred places, identities, practices and politics, 503-522. ; Moyes, H. (Ed.). (2012). Sacred darkness: a global perspective on the ritual use of caves. University Press of Colorado.			-
Abiotic	Cultural	Indirect, remote, often indoor interactions with physical systems that do not require presence in the environmental setting	Spiritual, symbolic and other interactions with the abiotic components of the natural environment	Natural, abiotic characteristics of nature that enable spiritual, symbolic and other interactions	6.2.1.1	Amount by type	Not recognised in V4.3	N/A	1	1	Subterranean sites used for religious purposes	1	Subterranean sites used for religious purposes	1	Subterranean sites used for religious purposes	Any (society at large)	Sponsel, L. E. (2015). Sacred caves of the world: illuminating the darkness. The changing world religion map: sacred places, identities, practices and politics, 503-522. ; Moyes, H. (Ed.). (2012). Sacred darkness: a global perspective on the ritual use of caves. University Press of Colorado.			-
Abiotic	Abiotic	Indirect, remote, often indoor interactions with physical systems that do not require presence in the environmental setting	Other abiotic characteristics that have a non-use value 	Natural, abiotic characteristics or features of nature that have either an existence, option or bequest value	6.2.2.1	Amount by type	Not recognised in V4.3	N/A	1	1	Importance of local caves	1	Importance of local springs	1	Importance of local marine caves or cenotes	Any (society at large)				-
Abiotic	Cultural	Other abiotic characteristics of nature that have cultural significance 	Other	Other	6.3.X.X	Use nested codes to allocate other provisioning services from non-living systems to appropriate Groups and Classes	Not recognised in V4.3	N/A	-	-	-	-	-	-	-	-	-	-	-	-
